{
    "loss": [
        0.5352124571800232,
        0.2178715169429779,
        0.16495470702648163,
        0.1420832872390747,
        0.12671729922294617,
        0.11700358241796494,
        0.10788930207490921,
        0.10174964368343353,
        0.09489504992961884,
        0.09073788672685623,
        0.08880362659692764,
        0.08361576497554779,
        0.08057427406311035,
        0.07927010953426361,
        0.07793445885181427,
        0.07343076914548874,
        0.07276731729507446,
        0.06898000091314316,
        0.06905543804168701,
        0.0672525092959404,
        0.0658460184931755,
        0.06462825834751129,
        0.06233765557408333,
        0.062487900257110596,
        0.05961241200566292,
        0.06180271506309509,
        0.06157851591706276,
        0.05885344371199608,
        0.05865457281470299,
        0.05668790638446808
    ],
    "accuracy": [
        0.8398125171661377,
        0.9354791641235352,
        0.9495416879653931,
        0.9566875100135803,
        0.9615833163261414,
        0.964229166507721,
        0.9673749804496765,
        0.9690208435058594,
        0.9703750014305115,
        0.9716874957084656,
        0.9728333353996277,
        0.9735833406448364,
        0.9745416641235352,
        0.9752916693687439,
        0.9749583601951599,
        0.9774583578109741,
        0.9769583344459534,
        0.9781458377838135,
        0.9785000085830688,
        0.9783541560173035,
        0.9787916541099548,
        0.9789791703224182,
        0.9800624847412109,
        0.9800416827201843,
        0.9807083606719971,
        0.979770839214325,
        0.9800000190734863,
        0.981249988079071,
        0.9810208082199097,
        0.9820833206176758
    ],
    "val_loss": [
        0.18208494782447815,
        0.1181786060333252,
        0.09221905469894409,
        0.08428382128477097,
        0.07318149507045746,
        0.06812892854213715,
        0.06467071175575256,
        0.062490370124578476,
        0.05923338234424591,
        0.05576658621430397,
        0.05287854000926018,
        0.05400969460606575,
        0.052224300801754,
        0.05193371698260307,
        0.05161534249782562,
        0.050303686410188675,
        0.05146748200058937,
        0.0473419688642025,
        0.046239785850048065,
        0.046049706637859344,
        0.0459149107336998,
        0.04557662829756737,
        0.04543264955282211,
        0.044654954224824905,
        0.04467311501502991,
        0.04402691498398781,
        0.0446181520819664,
        0.0432371124625206,
        0.04284583032131195,
        0.042223673313856125
    ],
    "val_accuracy": [
        0.9497500061988831,
        0.9659166932106018,
        0.9745000004768372,
        0.9771666526794434,
        0.9794999957084656,
        0.981166660785675,
        0.9819166660308838,
        0.9825833439826965,
        0.9834166765213013,
        0.984333336353302,
        0.984333336353302,
        0.9837499856948853,
        0.9851666688919067,
        0.984666645526886,
        0.9851666688919067,
        0.9857500195503235,
        0.9855833053588867,
        0.9862499833106995,
        0.9862499833106995,
        0.9864166378974915,
        0.9866666793823242,
        0.9865000247955322,
        0.9869166612625122,
        0.9883333444595337,
        0.9872499704360962,
        0.987666666507721,
        0.9869999885559082,
        0.9870833158493042,
        0.987666666507721,
        0.987583339214325
    ]
}